City_ID,City,Country,Date,Lat,Lng,Max Temp,Humidity,Cloudiness,Wind Speed
0,Rikitea,PF,2020-10-27 23:12:45,-23.12,-134.97,75.43,83,100,16.69
1,Scottsbluff,US,2020-10-27 23:16:21,41.87,-103.67,34.0,87,1,5.82
2,Narsaq,GL,2020-10-27 23:17:30,60.92,-46.05,32.0,97,100,2.24
3,Kalmunai,LK,2020-10-27 23:17:30,7.42,81.82,78.64,82,53,7.02
4,Ossora,RU,2020-10-27 23:17:30,59.24,163.07,34.2,85,79,6.98
5,Cape Town,ZA,2020-10-27 23:17:05,-33.93,18.42,64.0,82,75,6.93
6,Jining,CN,2020-10-27 23:17:31,35.41,116.58,57.99,1,96,4.83
7,Bethel,US,2020-10-27 23:17:31,41.37,-73.41,53.6,54,90,5.82
8,Albany,US,2020-10-27 23:14:40,42.6,-73.97,48.99,67,100,2.1
9,Saldanha,ZA,2020-10-27 23:17:31,-33.01,17.94,59.0,87,100,2.24
10,Bathsheba,BB,2020-10-27 23:17:08,13.22,-59.52,80.6,88,20,11.41
11,Bluff,NZ,2020-10-27 23:14:06,-46.6,168.33,57.99,68,17,1.99
12,Upernavik,GL,2020-10-27 23:17:22,72.79,-56.15,17.02,80,0,6.26
13,Bredasdorp,ZA,2020-10-27 23:17:32,-34.53,20.04,62.6,82,100,4.7
14,Hirara,JP,2020-10-27 23:17:32,24.8,125.28,75.2,83,20,6.93
15,Vaini,TO,2020-10-27 23:17:32,-21.2,-175.2,77.0,78,20,12.75
16,Kapaa,US,2020-10-27 23:16:54,22.08,-159.32,82.99,69,75,3.36
17,Mataura,NZ,2020-10-27 23:17:33,-46.19,168.86,57.99,66,5,3.0
18,Bilibino,RU,2020-10-27 23:17:33,68.05,166.44,1.36,90,85,1.97
19,Avarua,CK,2020-10-27 23:17:33,-21.21,-159.78,73.4,78,100,6.93
20,Yeppoon,AU,2020-10-27 23:17:34,-23.13,150.73,77.0,69,1,3.36
21,Sangmelima,CM,2020-10-27 23:17:34,2.93,11.98,68.0,95,43,0.92
22,Sao Filipe,CV,2020-10-27 23:17:34,14.9,-24.5,81.14,73,100,2.93
23,Palmer,US,2020-10-27 23:17:34,42.16,-72.33,51.01,87,100,2.15
24,Bukavu,CD,2020-10-27 23:17:35,-2.51,28.86,62.44,86,97,1.23
25,Saskylakh,RU,2020-10-27 23:17:35,71.92,114.08,5.38,92,99,10.22
26,Davila,PH,2020-10-27 23:17:35,18.47,120.58,78.8,100,75,4.7
27,Punta Arenas,CL,2020-10-27 23:14:10,-53.15,-70.92,46.4,62,0,19.46
28,Shimoda,JP,2020-10-27 23:17:35,34.67,138.95,61.0,72,28,1.01
29,Butaritari,KI,2020-10-27 23:17:36,3.07,172.79,81.09,66,100,4.63
30,East Wenatchee Bench,US,2020-10-27 23:17:36,47.43,-120.28,42.01,59,1,3.36
31,Cururupu,BR,2020-10-27 23:17:36,-1.83,-44.87,76.06,88,72,3.49
32,Kaeo,NZ,2020-10-27 23:17:36,-35.1,173.78,69.57,64,80,4.29
33,Muroto,JP,2020-10-27 23:17:36,33.28,134.15,59.0,82,75,10.29
34,Beloha,MG,2020-10-27 23:17:37,-25.17,45.05,69.22,87,5,13.0
35,Yellowknife,CA,2020-10-27 23:17:37,62.46,-114.35,17.6,67,75,5.82
36,Hami,CN,2020-10-27 23:14:28,42.8,93.45,42.71,53,0,7.61
37,Cayenne,GF,2020-10-27 23:17:38,4.93,-52.33,82.4,78,0,5.82
38,Jamestown,US,2020-10-27 23:17:38,42.1,-79.24,41.0,100,90,1.99
39,Atambua,ID,2020-10-27 23:17:38,-9.11,124.89,79.03,71,53,2.44
40,Atuona,PF,2020-10-27 23:17:38,-9.8,-139.03,78.93,73,1,19.44
41,Ushuaia,AR,2020-10-27 23:15:34,-54.8,-68.3,46.4,45,20,9.17
42,Dongsheng,CN,2020-10-27 23:17:39,39.82,109.98,34.7,62,100,5.77
43,Ciudad Real,ES,2020-10-27 23:17:39,39.0,-4.0,48.99,86,72,3.98
44,Nouadhibou,MR,2020-10-27 23:17:18,20.93,-17.03,75.2,60,100,18.34
45,Mogadishu,SO,2020-10-27 23:17:39,2.04,45.34,80.13,82,83,7.45
46,Grand Gaube,MU,2020-10-27 23:17:39,-20.01,57.66,70.0,80,0,3.0
47,Yulara,AU,2020-10-27 23:17:39,-25.24,130.99,69.8,21,0,8.05
48,Tezu,IN,2020-10-27 23:17:40,27.92,96.17,70.27,57,7,2.86
49,Qaanaaq,GL,2020-10-27 23:16:58,77.48,-69.36,10.65,80,93,13.0
50,Thaba-Tseka,LS,2020-10-27 23:17:40,-29.52,28.61,57.6,53,64,3.24
51,Hobart,AU,2020-10-27 23:17:40,-42.88,147.33,57.99,81,75,4.7
52,Bandarbeyla,SO,2020-10-27 23:17:40,9.49,50.81,75.11,80,10,3.74
53,Tumaco,CO,2020-10-27 23:17:41,1.8,-78.82,77.61,82,100,11.23
54,Nikolskoye,RU,2020-10-27 23:17:41,59.7,30.79,51.8,87,90,8.95
55,Puyang,CN,2020-10-27 23:17:41,29.46,119.89,60.26,89,23,3.22
56,Hermanus,ZA,2020-10-27 23:17:41,-34.42,19.23,61.0,94,100,1.01
57,Viedma,AR,2020-10-27 23:17:41,-40.81,-63.0,60.01,39,32,1.99
58,Dikson,RU,2020-10-27 23:17:42,73.51,80.55,8.28,96,100,16.4
59,Fallon,US,2020-10-27 23:17:42,39.47,-118.78,57.0,13,1,5.82
60,Kruisfontein,ZA,2020-10-27 23:16:59,-34.0,24.73,60.01,95,35,1.99
61,Smithers,CA,2020-10-27 23:17:42,54.78,-127.17,42.8,87,75,4.7
62,Constitucion,CL,2020-10-27 23:16:49,-35.33,-72.42,51.89,65,5,9.86
63,Ostrovnoy,RU,2020-10-27 23:17:42,68.05,39.51,43.36,92,100,21.61
64,Busselton,AU,2020-10-27 23:16:54,-33.65,115.33,55.99,99,14,7.63
65,Bambous Virieux,MU,2020-10-27 23:17:43,-20.34,57.76,70.0,80,5,3.0
66,Kyaikkami,MM,2020-10-27 23:17:43,16.08,97.57,77.43,86,100,9.13
67,Arraial Do Cabo,BR,2020-10-27 23:17:43,-22.97,-42.03,73.4,88,0,9.17
68,Hurghada,EG,2020-10-27 23:17:43,27.26,33.81,77.0,73,0,6.93
69,Korla,CN,2020-10-27 23:17:44,41.76,86.15,39.0,92,0,4.61
70,San Quintin,MX,2020-10-27 23:17:44,30.48,-115.95,69.73,29,0,14.0
71,Hithadhoo,MV,2020-10-27 23:14:14,-0.6,73.08,83.66,66,96,10.18
72,Kavaratti,IN,2020-10-27 23:17:44,10.57,72.64,81.07,77,94,7.87
73,Falam,MM,2020-10-27 23:17:45,22.92,93.68,56.62,100,2,1.39
74,Tasiilaq,GL,2020-10-27 23:17:41,65.61,-37.64,33.8,40,100,10.29
75,Palaia Fokaia,GR,2020-10-27 23:17:45,37.72,23.95,64.99,93,20,1.12
76,Saint George,US,2020-10-27 23:13:04,37.1,-113.58,60.8,9,1,6.93
77,Fortuna,US,2020-10-27 23:17:45,40.6,-124.16,73.99,45,20,12.75
78,Ilulissat,GL,2020-10-27 23:17:46,69.22,-51.1,17.6,61,58,3.09
79,Gazojak,TM,2020-10-27 23:17:46,41.19,61.4,34.07,84,0,7.02
80,Vila Do Maio,CV,2020-10-27 23:17:46,15.13,-23.22,78.8,83,100,14.99
81,Taoudenni,ML,2020-10-27 23:17:46,22.68,-3.98,82.87,16,3,7.72
82,Pevek,RU,2020-10-27 23:14:43,69.7,170.31,20.01,97,100,13.27
83,Mocuba,MZ,2020-10-27 23:17:06,-16.84,36.99,70.86,93,0,3.11
84,Ancud,CL,2020-10-27 23:17:47,-41.87,-73.82,48.0,87,90,14.99
85,New Norfolk,AU,2020-10-27 23:17:14,-42.78,147.06,57.99,70,75,1.99
86,Tipperary,IE,2020-10-27 23:17:47,52.47,-8.16,46.4,81,40,13.87
87,Port Elizabeth,ZA,2020-10-27 23:17:48,-33.92,25.57,62.6,88,0,20.8
88,Luderitz,NA,2020-10-27 23:17:48,-26.65,15.16,57.9,76,15,9.42
89,Farmington,US,2020-10-27 23:17:48,36.73,-108.22,35.6,51,90,9.17
90,Nabire,ID,2020-10-27 23:17:44,-3.37,135.48,76.78,85,100,4.07
91,Quatre Cocos,MU,2020-10-27 23:17:48,-20.21,57.76,70.0,80,6,3.0
92,Kazerun,IR,2020-10-27 23:17:49,29.62,51.65,56.8,35,0,2.93
93,Barrow,US,2020-10-27 23:17:49,71.29,-156.79,30.2,63,75,19.46
94,Kencong,ID,2020-10-27 23:17:49,-8.28,113.37,76.66,88,98,1.23
95,Sovetskaya Gavan,RU,2020-10-27 23:17:49,48.97,140.29,39.83,80,81,2.84
96,Biu,NG,2020-10-27 23:17:49,10.61,12.19,72.82,29,0,4.88
97,Kampene,CD,2020-10-27 23:17:50,-3.6,26.67,68.47,96,60,1.23
98,Cockburn Town,TC,2020-10-27 23:17:50,21.46,-71.14,82.4,74,40,17.22
99,Chuy,UY,2020-10-27 23:17:50,-33.7,-53.46,61.54,94,100,13.94
100,Longyearbyen,SJ,2020-10-27 23:17:31,78.22,15.64,32.0,94,75,2.24
101,Cumpas,MX,2020-10-27 23:17:50,29.98,-109.78,59.56,27,0,4.81
102,Port Moresby,PG,2020-10-27 23:17:50,-9.44,147.18,82.4,78,75,11.41
103,Zhangye,CN,2020-10-27 23:17:51,38.93,100.45,35.38,82,73,1.63
104,Mahebourg,MU,2020-10-27 23:17:51,-20.41,57.7,70.0,80,4,3.0
105,Victoria,HK,2020-10-27 23:17:10,22.29,114.16,75.0,79,49,21.03
106,Shenjiamen,CN,2020-10-27 23:17:51,29.96,122.3,66.4,77,85,11.18
107,Bay City,US,2020-10-27 23:17:52,43.59,-83.89,39.2,78,90,6.93
108,Olinda,BR,2020-10-27 23:17:52,-8.01,-34.86,80.6,69,75,8.05
109,Plettenberg Bay,ZA,2020-10-27 23:17:52,-34.05,23.37,61.54,64,62,6.24
110,Bara,NG,2020-10-27 23:17:52,10.37,10.73,75.13,37,0,1.77
111,Jalu,LY,2020-10-27 23:17:53,29.03,21.55,72.1,39,14,11.12
112,Kilindoni,TZ,2020-10-27 23:17:53,-7.91,39.67,78.19,83,2,10.58
113,Hailar,CN,2020-10-27 23:17:53,49.2,119.7,22.73,89,0,11.54
114,Hasaki,JP,2020-10-27 23:17:53,35.73,140.83,55.4,93,75,4.7
115,Barranca,PE,2020-10-27 23:17:53,-10.75,-77.77,63.64,85,100,6.4
116,Luanda,AO,2020-10-27 23:14:20,-8.84,13.23,75.42,89,82,9.84
117,Hilo,US,2020-10-27 23:17:54,19.73,-155.09,80.6,78,90,3.36
118,Senekal,ZA,2020-10-27 23:17:54,-28.32,27.62,65.77,44,12,4.07
119,Pocosol,CR,2020-10-27 23:17:54,10.37,-84.62,73.4,100,75,9.17
120,Samana,DO,2020-10-27 23:17:54,19.21,-69.34,78.8,94,75,9.82
121,Avera,US,2020-10-27 23:17:55,33.19,-82.53,75.2,83,90,4.7
122,Lensk,RU,2020-10-27 23:17:55,60.73,114.93,15.01,93,75,2.19
123,Alice Springs,AU,2020-10-27 23:13:15,-23.7,133.88,69.8,16,0,9.17
124,Ponta Do Sol,PT,2020-10-27 23:17:55,32.67,-17.1,66.2,68,40,3.36
125,Talnakh,RU,2020-10-27 23:17:55,69.49,88.4,-4.54,82,0,5.59
126,College,US,2020-10-27 23:17:55,64.86,-147.8,30.2,80,75,6.93
127,Kodiak,US,2020-10-27 23:16:42,57.79,-152.41,46.4,49,20,10.29
128,Severo-Kurilsk,RU,2020-10-27 23:17:56,50.68,156.12,44.55,80,11,5.97
129,Araouane,ML,2020-10-27 23:17:56,18.9,-3.53,84.7,14,0,1.7
130,Kropotkin,RU,2020-10-27 23:17:56,45.44,40.58,57.0,67,40,11.59
131,Dalbandin,PK,2020-10-27 23:17:56,28.89,64.41,54.61,32,0,2.53
132,Changping,CN,2020-10-27 23:17:57,40.22,116.22,54.0,64,0,11.18
133,Rybachiy,RU,2020-10-27 23:17:57,48.71,44.74,35.6,59,0,15.66
134,Aban,RU,2020-10-27 23:17:57,56.67,96.06,35.26,86,100,8.68
135,Souillac,MU,2020-10-27 23:17:57,-20.52,57.52,70.0,80,5,3.0
136,Wenatchee,US,2020-10-27 23:17:58,47.42,-120.31,42.01,59,1,3.36
137,Codrington,AU,2020-10-27 23:17:58,-38.27,141.97,58.14,79,50,7.14
138,Bilma,NE,2020-10-27 23:17:58,18.69,12.92,70.57,23,0,3.91
139,Tucuma,BR,2020-10-27 23:17:58,-0.18,-50.05,80.65,78,100,9.33
140,Drovyanaya,RU,2020-10-27 23:17:58,51.58,113.03,15.8,85,21,2.39
141,Hualmay,PE,2020-10-27 23:13:04,-11.1,-77.61,64.62,82,95,6.87
142,Cidreira,BR,2020-10-27 23:17:59,-30.18,-50.21,62.8,85,97,11.88
143,Puerto Ayora,EC,2020-10-27 23:17:59,-0.74,-90.35,69.01,91,99,5.01
144,San Patricio,US,2020-10-27 23:17:59,28.02,-97.52,62.6,82,90,12.75
145,Trairi,BR,2020-10-27 23:17:59,-3.28,-39.27,78.93,79,85,10.92
146,Alanya,TR,2020-10-27 23:18:00,36.54,32.0,68.0,72,75,3.36
147,Sayla,IN,2020-10-27 23:18:00,22.55,71.47,75.15,32,0,4.88
148,Paracuru,BR,2020-10-27 23:18:00,-3.41,-39.03,80.01,76,68,18.99
149,Castro,BR,2020-10-27 23:18:00,-24.79,-50.01,62.19,61,0,3.62
150,Thompson,CA,2020-10-27 23:18:00,55.74,-97.86,24.8,62,75,8.05
151,Fort Nelson,CA,2020-10-27 23:15:04,58.81,-122.7,33.8,74,75,8.05
152,Krasnovishersk,RU,2020-10-27 23:18:01,60.41,57.08,27.88,98,99,6.82
153,Georgetown,MY,2020-10-27 23:14:46,5.41,100.34,78.8,94,40,3.36
154,Laje,BR,2020-10-27 23:18:01,-10.18,-40.97,72.1,81,100,0.92
155,Verkhnyaya Inta,RU,2020-10-27 23:18:01,65.98,60.31,24.89,98,100,7.99
156,Ribeira Grande,PT,2020-10-27 23:18:02,38.52,-28.7,63.28,61,99,5.7
157,Pangnirtung,CA,2020-10-27 23:18:02,66.15,-65.71,14.0,61,20,5.82
158,Kirkwall,GB,2020-10-27 23:18:02,58.98,-2.96,48.2,93,100,5.82
159,Roald,NO,2020-10-27 23:18:02,62.58,6.13,46.4,75,75,5.82
160,Xining,CN,2020-10-27 23:18:02,36.62,101.77,29.34,94,43,1.07
161,Batemans Bay,AU,2020-10-27 23:18:02,-35.72,150.18,64.0,83,25,1.01
162,Tiznit,MA,2020-10-27 23:18:03,29.58,-9.5,62.53,63,0,1.05
163,Shipunovo,RU,2020-10-27 23:18:03,52.16,82.22,35.44,76,83,16.78
164,Awjilah,LY,2020-10-27 23:17:56,29.11,21.29,72.01,37,4,11.48
165,Isangel,VU,2020-10-27 23:18:03,-19.55,169.27,79.36,70,8,16.58
166,Babu,CN,2020-10-27 23:18:04,24.42,111.52,65.01,78,66,6.11
167,East London,ZA,2020-10-27 23:18:04,-33.02,27.91,69.8,83,33,17.54
168,Lavrentiya,RU,2020-10-27 23:18:04,65.58,-171.0,30.87,92,100,10.4
169,Tahta,EG,2020-10-27 23:18:04,26.77,31.5,75.2,53,0,9.17
170,Acapulco,MX,2020-10-27 23:18:05,16.86,-99.89,86.0,79,90,6.93
171,Port Alfred,ZA,2020-10-27 23:18:05,-33.59,26.89,64.45,84,35,16.06
172,Iqaluit,CA,2020-10-27 23:15:50,63.75,-68.51,19.4,73,90,3.36
173,Talara,PE,2020-10-27 23:18:05,-4.58,-81.27,65.79,85,9,14.81
174,Kang,BW,2020-10-27 23:18:05,-23.68,22.79,77.43,22,0,9.86
175,Saint Anthony,US,2020-10-27 23:17:26,45.02,-93.22,33.8,47,1,16.11
176,Kolomna,RU,2020-10-27 23:15:26,55.08,38.78,39.2,100,0,6.71
177,Beringovskiy,RU,2020-10-27 23:18:06,63.05,179.32,27.43,92,85,11.81
178,Beisfjord,NO,2020-10-27 23:18:06,68.38,17.6,30.2,86,0,6.93
179,Stromness,GB,2020-10-27 23:18:06,58.97,-3.3,48.2,93,100,5.82
180,Alofi,NU,2020-10-27 23:18:05,-19.06,-169.92,77.0,78,75,19.46
181,Lompoc,US,2020-10-27 23:13:40,34.64,-120.46,71.01,43,1,14.99
182,Tuktoyaktuk,CA,2020-10-27 23:18:07,69.45,-133.04,14.0,85,90,12.75
183,Dingle,PH,2020-10-27 23:18:07,11.0,122.67,78.8,85,78,2.19
184,Doha,QA,2020-10-27 23:17:43,25.29,51.53,80.6,65,0,4.7
185,Kavieng,PG,2020-10-27 23:18:08,-2.57,150.8,84.47,66,96,3.27
186,Skibbereen,IE,2020-10-27 23:18:08,51.55,-9.27,42.8,87,40,12.75
187,Mar Del Plata,AR,2020-10-27 23:18:08,-38.0,-57.56,59.0,58,0,6.93
188,Kasongo-Lunda,CD,2020-10-27 23:18:08,-6.47,16.82,71.64,92,77,1.1
189,Klaksvik,FO,2020-10-27 23:18:08,62.23,-6.59,42.8,87,91,10.29
190,Comodoro Rivadavia,AR,2020-10-27 23:17:23,-45.87,-67.5,57.2,33,0,21.92
191,Namatanai,PG,2020-10-27 23:18:09,-3.67,152.43,85.48,66,77,2.68
192,Katsuura,JP,2020-10-27 23:18:09,35.13,140.3,63.0,72,75,5.82
193,Qaqortoq,GL,2020-10-27 23:18:09,60.72,-46.03,32.0,99,100,2.24
194,Leningradskiy,RU,2020-10-27 23:18:09,69.38,178.42,18.41,90,0,18.23
195,Pakpattan,PK,2020-10-27 23:18:10,30.34,73.39,65.88,26,0,2.33
196,Debno,PL,2020-10-27 23:18:10,52.74,14.7,48.0,59,59,10.69
197,Carnarvon,AU,2020-10-27 23:17:45,-24.87,113.63,66.2,88,0,20.8
198,Khatanga,RU,2020-10-27 23:18:10,71.97,102.5,-4.47,91,59,10.6
199,Lacombe,CA,2020-10-27 23:18:10,52.47,-113.74,48.2,57,75,17.22
200,Kutum,SD,2020-10-27 23:18:11,14.2,24.67,73.67,25,0,10.56
201,Cabo San Lucas,MX,2020-10-27 23:16:11,22.89,-109.91,80.6,61,40,4.7
202,Chumikan,RU,2020-10-27 23:18:11,54.72,135.31,37.24,88,100,14.92
203,Utete,TZ,2020-10-27 23:18:11,-7.99,38.76,72.43,93,3,2.3
204,Slavonski Brod,HR,2020-10-27 23:18:11,45.16,18.02,54.0,95,14,1.01
205,Guaiuba,BR,2020-10-27 23:18:11,-4.04,-38.64,80.6,78,0,10.29
206,Honiara,SB,2020-10-27 23:18:12,-9.43,159.95,86.0,74,20,5.82
207,Ipameri,BR,2020-10-27 23:18:12,-17.72,-48.16,72.88,81,14,2.64
208,Norman Wells,CA,2020-10-27 23:16:44,65.28,-126.83,19.4,79,40,13.87
209,Barahona,DO,2020-10-27 23:15:02,18.21,-71.1,81.63,76,27,8.21
210,Barstow,US,2020-10-27 23:14:07,34.9,-117.02,69.8,9,1,9.17
211,Zaysan,KZ,2020-10-27 23:18:12,47.47,84.87,49.64,43,89,9.75
212,Otavi,NA,2020-10-27 23:18:13,-19.65,17.33,76.48,19,93,10.85
213,Cherskiy,RU,2020-10-27 23:18:13,68.75,161.3,12.81,93,100,8.57
214,Soe,ID,2020-10-27 23:18:13,-9.86,124.28,73.53,77,63,2.04
215,Portland,US,2020-10-27 23:16:03,45.52,-122.68,60.01,47,1,2.3
216,Killorglin,IE,2020-10-27 23:18:13,52.1,-9.78,45.63,78,80,14.7
217,Yar-Sale,RU,2020-10-27 23:18:14,66.83,70.83,2.16,92,49,5.66
218,Pinsk,BY,2020-10-27 23:18:14,52.12,26.1,49.46,93,39,6.98
219,Walvis Bay,NA,2020-10-27 23:18:14,-22.96,14.51,59.0,82,40,5.82
220,Sao Joao Da Barra,BR,2020-10-27 23:18:14,-21.64,-41.05,74.23,88,65,15.61
221,Mpika,ZM,2020-10-27 23:18:15,-11.83,31.45,65.21,64,13,6.89
222,Yishui,CN,2020-10-27 23:18:15,35.78,118.63,54.18,57,100,7.67
223,Lebu,CL,2020-10-27 23:18:15,-37.62,-73.65,51.15,79,98,13.04
224,Tefe,BR,2020-10-27 23:16:27,-3.35,-64.71,77.0,83,90,6.93
225,Padang,ID,2020-10-27 23:18:15,-0.95,100.35,77.13,72,96,3.42
226,Kahului,US,2020-10-27 23:16:42,20.89,-156.47,87.8,58,40,10.29
227,Evensk,RU,2020-10-27 23:18:16,61.95,159.23,26.08,80,0,10.38
228,Chokurdakh,RU,2020-10-27 23:15:41,70.63,147.92,11.59,97,100,2.13
229,Subtanjalla,PE,2020-10-27 23:18:16,-14.02,-75.76,68.0,68,0,18.34
230,Campos Sales,BR,2020-10-27 23:18:18,-7.07,-40.38,75.87,68,99,5.23
231,Ambulu,ID,2020-10-27 23:18:18,-8.35,113.61,76.51,87,96,1.36
232,Balkhash,KZ,2020-10-27 23:18:18,46.84,74.98,34.12,81,3,20.92
233,Manitouwadge,CA,2020-10-27 23:18:18,49.12,-85.84,29.01,93,99,16.2
234,Saint-Philippe,RE,2020-10-27 23:17:03,-21.36,55.77,71.6,64,0,4.7
235,Tautira,PF,2020-10-27 23:18:19,-17.73,-149.15,82.0,83,75,16.11
236,Port Blair,IN,2020-10-27 23:15:32,11.67,92.75,79.36,78,63,3.24
237,Diu,IN,2020-10-27 23:18:19,20.71,70.98,76.98,53,0,6.04
238,Grindavik,IS,2020-10-27 23:18:19,63.84,-22.43,39.2,60,0,26.4
239,Coos Bay,US,2020-10-27 23:18:10,43.37,-124.22,64.0,67,1,20.8
240,Nanortalik,GL,2020-10-27 23:17:33,60.14,-45.24,30.61,89,100,4.83
241,Terrace,CA,2020-10-27 23:14:59,54.52,-128.6,50.0,87,90,8.05
242,Price,US,2020-10-27 23:18:20,39.6,-110.81,44.6,20,1,4.7
243,Konstantinovka,RU,2020-10-27 23:18:20,49.62,127.98,30.07,94,1,7.14
244,Nemuro,JP,2020-10-27 23:18:20,43.32,145.57,51.1,68,100,2.98
245,Ron,IN,2020-10-27 23:18:21,15.67,75.73,70.93,71,0,6.35
246,Vardo,NO,2020-10-27 23:16:56,70.37,31.11,35.6,100,75,8.05
247,Tuatapere,NZ,2020-10-27 23:18:21,-46.13,167.68,57.99,66,7,3.0
248,Nguru,NG,2020-10-27 23:18:21,12.88,10.45,79.41,17,15,9.28
249,Champawat,IN,2020-10-27 23:18:21,29.33,80.1,46.49,70,0,5.59
250,Vagay,RU,2020-10-27 23:18:22,57.94,69.02,18.39,94,68,9.98
251,Omboue,GA,2020-10-27 23:18:22,-1.57,9.26,77.18,85,100,3.98
252,Talaya,RU,2020-10-27 23:18:22,61.38,152.75,14.99,88,0,2.53
253,Vila Velha,BR,2020-10-27 23:17:33,-20.33,-40.29,77.0,88,75,11.41
254,Marsaxlokk,MT,2020-10-27 23:18:23,35.84,14.54,63.0,66,0,5.01
255,Diamantino,BR,2020-10-27 23:18:23,-14.41,-56.45,79.52,77,91,1.83
256,Saint-Francois,FR,2020-10-27 23:18:23,46.42,3.91,53.6,76,96,6.93
257,Linxia,CN,2020-10-27 23:18:23,35.6,103.21,29.55,94,0,1.28
258,Carballo,ES,2020-10-27 23:18:23,43.21,-8.69,57.2,87,75,4.7
259,Touros,BR,2020-10-27 23:17:40,-5.2,-35.46,80.6,78,0,13.87
260,Atar,MR,2020-10-27 23:18:24,20.52,-13.05,85.41,19,0,9.46
261,Basco,PH,2020-10-27 23:18:24,20.45,121.97,81.1,84,100,23.67
262,Christchurch,NZ,2020-10-27 23:17:28,-43.53,172.63,57.2,58,100,10.29
263,Te Anau,NZ,2020-10-27 23:18:24,-45.42,167.72,55.24,60,89,1.77
264,Kimbe,PG,2020-10-27 23:18:25,-5.55,150.14,87.71,62,21,1.36
265,Porto Novo,BJ,2020-10-27 23:18:25,6.5,2.6,80.6,88,40,10.29
266,Bonfim,BR,2020-10-27 23:18:25,3.08,-59.95,86.81,53,42,7.65
267,La Ronge,CA,2020-10-27 23:18:25,55.1,-105.28,26.6,92,90,9.17
268,Cardston,CA,2020-10-27 23:18:26,49.2,-113.3,44.6,52,75,33.33
269,Udachnyy,RU,2020-10-27 23:18:26,66.42,112.4,-13.13,88,89,3.04
270,Kearney,US,2020-10-27 23:18:26,40.7,-99.08,35.6,51,1,13.87
271,Bida,NG,2020-10-27 23:18:26,9.08,6.02,78.8,50,9,1.66
272,Yablonovo,RU,2020-10-27 23:18:26,50.85,37.36,41.0,80,0,8.95
273,Chernyshevskiy,RU,2020-10-27 23:18:27,63.01,112.47,14.58,98,92,3.94
274,Mlyniv,UA,2020-10-27 23:18:27,50.51,25.62,46.99,98,0,14.0
275,Cairns,AU,2020-10-27 23:18:27,-16.92,145.77,80.6,65,20,11.41
276,Zambezi,ZM,2020-10-27 23:18:27,-13.54,23.1,70.21,48,42,4.72
277,Geraldton,AU,2020-10-27 23:18:27,-28.77,114.6,66.2,68,90,8.05
278,Faanui,PF,2020-10-27 23:18:28,-16.48,-151.75,79.95,82,66,18.57
279,Egvekinot,RU,2020-10-27 23:18:28,66.32,-179.17,19.22,92,99,3.87
280,Belyy Yar,RU,2020-10-27 23:18:28,53.6,91.39,26.6,100,91,2.24
281,Darasun,RU,2020-10-27 23:18:28,51.67,114.0,15.8,85,11,1.34
282,Vestmannaeyjar,IS,2020-10-27 23:18:28,63.44,-20.27,41.63,69,28,28.25
283,Ankang,CN,2020-10-27 23:18:28,32.68,109.02,54.32,85,100,1.52
284,Bahawalpur,PK,2020-10-27 23:18:29,29.4,71.68,69.19,22,0,4.79
285,Pljevlja,ME,2020-10-27 23:18:29,43.33,19.33,46.4,93,0,1.12
286,Guasdualito,VE,2020-10-27 23:18:29,7.24,-70.73,77.31,90,42,3.83
287,Kuytun,RU,2020-10-27 23:18:30,54.34,101.5,27.39,97,68,6.22
288,Bengkulu,ID,2020-10-27 23:18:30,-3.8,102.27,75.31,82,99,3.22
289,Fukue,JP,2020-10-27 23:18:30,32.69,128.84,68.07,60,66,8.32
290,Trofors,NO,2020-10-27 23:18:30,65.53,13.41,28.4,92,0,3.2
291,Deputatskiy,RU,2020-10-27 23:18:30,69.3,139.9,0.27,93,71,5.5
292,Mednogorskiy,RU,2020-10-27 23:18:30,43.92,41.18,55.6,39,0,6.42
293,Dindigul,IN,2020-10-27 23:18:31,10.35,77.95,73.72,77,1,1.34
294,Namibe,AO,2020-10-27 23:18:31,-15.2,12.15,71.13,77,84,0.87
295,Aklavik,CA,2020-10-27 23:18:31,68.22,-135.01,12.2,85,90,5.5
296,Coyaima,CO,2020-10-27 23:18:31,3.8,-75.19,81.9,65,82,2.46
297,Tucupita,VE,2020-10-27 23:18:32,9.06,-62.05,75.72,96,2,3.49
298,Ivrea,IT,2020-10-27 23:18:32,45.47,7.88,48.99,89,35,4.74
299,San Policarpo,PH,2020-10-27 23:18:32,12.18,125.51,80.65,80,47,2.66
300,Naze,JP,2020-10-27 23:18:32,28.37,129.48,73.4,73,75,8.05
301,Dunedin,NZ,2020-10-27 23:15:07,-45.87,170.5,53.01,66,0,18.99
302,Jinchang,CN,2020-10-27 23:18:32,38.5,102.17,37.29,79,95,2.26
303,Gribanovskiy,RU,2020-10-27 23:18:33,51.46,41.98,37.09,75,90,9.1
304,Florianopolis,BR,2020-10-27 23:13:42,-27.61,-48.5,72.0,83,20,8.05
305,Mokobeng,BW,2020-10-27 23:18:33,-23.0,27.67,74.34,38,0,8.12
306,Bone,DE,2020-10-27 23:18:33,51.97,12.14,48.99,79,91,5.99
307,Mutata,CO,2020-10-27 23:18:34,7.24,-76.44,77.67,84,87,1.66
308,Maltahohe,NA,2020-10-27 23:18:34,-24.83,16.98,68.05,23,34,9.98
309,Malakal,SS,2020-10-27 23:18:34,9.53,31.66,75.6,79,4,4.0
310,Requena,ES,2020-10-27 23:18:34,39.49,-1.1,48.99,65,44,7.58
311,Clyde River,CA,2020-10-27 23:18:34,70.47,-68.59,12.2,66,20,6.93
312,Cordele,US,2020-10-27 23:15:37,31.96,-83.78,77.0,83,90,4.7
313,Pangoa,PE,2020-10-27 23:18:36,-12.12,-73.0,71.8,94,100,0.63
314,Goderich,CA,2020-10-27 23:15:03,43.75,-81.72,44.01,80,100,10.4
315,Male,MV,2020-10-27 23:18:36,4.17,73.51,82.17,77,34,11.63
316,Okhotsk,RU,2020-10-27 23:18:36,59.38,143.3,28.54,83,0,8.52
317,Ferme-Neuve,CA,2020-10-27 23:18:36,46.7,-75.45,25.92,95,80,3.36
318,Kaitong,CN,2020-10-27 23:18:37,44.81,123.15,30.2,75,0,9.53
319,Moron,AR,2020-10-27 23:18:30,-34.65,-58.62,64.99,61,0,5.01
320,Puerto Colombia,CO,2020-10-27 23:18:37,10.99,-74.95,84.2,74,40,11.41
321,Sajanan,TN,2020-10-27 23:18:37,37.06,9.24,59.0,82,40,8.05
322,Flin Flon,CA,2020-10-27 23:18:37,54.77,-101.86,28.4,79,90,3.36
323,Pochutla,MX,2020-10-27 23:18:37,15.74,-96.47,80.6,78,40,1.83
324,Husavik,IS,2020-10-27 23:17:55,66.04,-17.34,37.4,59,90,3.36
325,Kununurra,AU,2020-10-27 23:17:13,-15.77,128.73,82.4,78,99,3.36
326,Jackson,US,2020-10-27 23:14:39,42.42,-122.83,71.01,18,1,1.19
327,Pokhara,NP,2020-10-27 23:18:38,28.23,83.98,62.42,31,0,4.68
328,Changying,CN,2020-10-27 23:18:38,52.87,123.32,17.71,96,100,8.61
329,Sedhiou,SN,2020-10-27 23:18:38,12.71,-15.56,76.39,56,0,3.0
330,Fayaoue,NC,2020-10-27 23:18:39,-20.65,166.53,76.21,77,78,16.46
331,Tura,IN,2020-10-27 23:16:25,25.52,90.22,67.95,88,0,4.12
332,Sojat,IN,2020-10-27 23:18:39,25.92,73.67,68.41,24,0,4.23
333,Amarillo,US,2020-10-27 23:16:27,35.22,-101.83,27.0,92,90,14.99
334,Salinopolis,BR,2020-10-27 23:18:39,-0.61,-47.36,80.56,83,62,12.33
335,Ayan,RU,2020-10-27 23:18:39,56.45,138.17,33.85,90,99,9.55
336,Polis,CY,2020-10-27 23:18:40,35.04,32.43,71.6,73,40,6.93
337,Mount Gambier,AU,2020-10-27 23:18:29,-37.83,140.77,55.4,82,16,9.17
338,San Rafael,AR,2020-10-27 23:18:40,-34.62,-68.33,69.62,24,1,11.36
339,Xuddur,SO,2020-10-27 23:18:40,4.12,43.89,72.52,86,80,14.72
340,Kawalu,ID,2020-10-27 23:18:40,-7.38,108.21,72.82,93,99,1.77
341,Coquimbo,CL,2020-10-27 23:18:40,-29.95,-71.34,59.0,67,0,12.75
342,Chiredzi,ZW,2020-10-27 23:18:41,-21.05,31.67,72.28,52,0,5.97
343,Sitka,US,2020-10-27 23:18:41,57.05,-135.33,46.4,81,90,6.93
344,Holden,US,2020-10-27 23:18:41,42.35,-71.86,48.0,65,75,4.7
345,Hofn,IS,2020-10-27 23:18:41,64.25,-15.21,37.49,80,100,20.22
346,Oistins,BB,2020-10-27 23:18:42,13.07,-59.53,80.6,88,20,11.41
347,Ponta Delgada,PT,2020-10-27 23:18:42,37.73,-25.67,64.4,63,75,4.7
348,San Jose,US,2020-10-27 23:15:22,37.34,-121.89,78.8,11,1,18.34
349,Kupang,ID,2020-10-27 23:18:42,-10.17,123.58,82.87,71,16,5.66
350,Cooma,AU,2020-10-27 23:18:42,-36.23,149.13,50.0,87,90,1.12
351,Pulandian,CN,2020-10-27 23:17:44,39.4,121.97,41.0,80,0,4.47
352,Broome,US,2020-10-27 23:18:43,42.25,-75.83,46.99,75,90,4.38
353,Leshukonskoye,RU,2020-10-27 23:18:43,64.9,45.76,39.31,97,100,9.82
354,Springbok,ZA,2020-10-27 23:18:43,-29.66,17.89,48.6,80,25,2.46
355,Quartucciu,IT,2020-10-27 23:18:43,39.25,9.18,53.6,93,20,3.36
356,Amguri,IN,2020-10-27 23:18:43,26.8,94.53,69.66,94,0,1.32
357,Labytnangi,RU,2020-10-27 23:18:44,66.66,66.42,5.56,94,98,2.64
358,Romny,UA,2020-10-27 23:18:44,50.75,33.47,46.62,64,0,9.08
359,Yerbogachen,RU,2020-10-27 23:18:44,61.28,108.01,17.06,97,80,4.45
360,Salalah,OM,2020-10-27 23:18:44,17.02,54.09,77.0,73,20,2.24
361,Bhawanipatna,IN,2020-10-27 23:18:44,19.9,83.17,65.89,72,0,0.78
362,Pouembout,NC,2020-10-27 23:18:45,-21.13,164.9,81.88,54,74,5.46
363,Cap Malheureux,MU,2020-10-27 23:18:45,-19.98,57.61,70.0,80,0,3.0
364,Esso,RU,2020-10-27 23:18:45,55.93,158.7,30.65,94,35,1.99
365,Adela,PH,2020-10-27 23:18:45,12.44,120.97,80.47,84,100,5.66
366,Carbonia,IT,2020-10-27 23:18:45,39.17,8.52,53.6,93,20,3.36
367,Bubaque,GW,2020-10-27 23:18:07,11.28,-15.83,82.53,81,52,11.01
368,Baturaja,ID,2020-10-27 23:18:46,-4.13,104.17,73.04,90,94,1.61
369,Eenhana,NA,2020-10-27 23:18:46,-17.47,16.33,86.0,19,90,3.36
370,Sikasso,ML,2020-10-27 23:18:46,10.92,-7.0,76.78,43,45,2.71
371,Burnie,AU,2020-10-27 23:18:46,-41.07,145.92,57.0,56,99,11.01
372,Tilichiki,RU,2020-10-27 23:18:46,60.47,166.1,24.42,91,70,10.13
373,Saint-Pierre,RE,2020-10-27 23:17:19,-21.34,55.48,71.6,64,0,4.7
374,Cedartown,US,2020-10-27 23:18:21,34.05,-85.25,70.0,92,32,3.49
375,Half Moon Bay,US,2020-10-27 23:15:11,37.46,-122.43,77.0,24,5,4.7
376,Severodvinsk,RU,2020-10-27 23:18:47,64.56,39.83,42.8,100,90,6.71
377,Los Llanos De Aridane,ES,2020-10-27 23:18:47,28.66,-17.92,69.8,73,90,10.29
378,Fairbanks,US,2020-10-27 23:17:39,64.84,-147.72,30.2,80,75,6.93
379,Benjamin Aceval,PY,2020-10-27 23:18:47,-24.97,-57.57,84.2,37,0,2.24
380,Santa Rosalia,MX,2020-10-27 23:18:48,27.32,-112.28,69.57,37,0,20.58
381,Wageningen,NL,2020-10-27 23:18:48,51.97,5.67,53.01,84,100,15.79
382,Noumea,NC,2020-10-27 23:18:48,-22.28,166.46,84.2,39,0,5.82
383,Takoradi,GH,2020-10-27 23:18:48,4.88,-1.76,78.19,87,100,8.16
384,Salvador,SV,2020-10-27 23:17:56,13.83,-88.92,80.6,88,75,3.36
385,Mwinilunga,ZM,2020-10-27 23:18:49,-11.74,24.43,64.44,85,42,0.6
386,Ajuchitlan,MX,2020-10-27 23:18:49,20.72,-100.02,80.6,21,40,10.29
387,Kloulklubed,PW,2020-10-27 23:18:49,7.04,134.26,80.6,88,75,3.13
388,Ahipara,NZ,2020-10-27 23:17:17,-35.17,173.17,70.12,59,56,2.44
389,El Alto,PE,2020-10-27 23:18:50,-4.27,-81.21,65.55,84,8,18.34
390,Armilla,ES,2020-10-27 23:18:50,37.14,-3.62,46.99,81,0,2.21
391,Yima,CN,2020-10-27 23:18:50,34.74,111.88,55.0,99,100,6.11
392,Faya,SA,2020-10-27 23:18:50,18.39,42.45,59.0,24,0,5.12
393,Aitape,PG,2020-10-27 23:18:50,-3.14,142.35,82.56,74,97,3.31
394,Mulege,MX,2020-10-27 23:18:51,26.88,-111.98,71.67,37,0,20.96
395,Esperance,AU,2020-10-27 23:16:56,-33.87,121.9,55.4,100,79,5.82
396,Leninskoye,KZ,2020-10-27 23:18:51,41.76,69.39,42.8,48,20,4.7
397,Am Timan,TD,2020-10-27 23:17:41,11.03,20.28,78.82,44,46,3.15
398,Broken Hill,AU,2020-10-27 23:18:51,-31.95,141.43,57.2,71,0,11.41
399,Malpe,IN,2020-10-27 23:18:52,13.35,74.72,77.0,94,20,4.0
400,Tamahu,GT,2020-10-27 23:18:52,15.33,-90.17,68.58,93,82,0.98
401,Askarovo,RU,2020-10-27 23:18:52,53.34,58.51,23.0,79,33,6.71
402,Port Macquarie,AU,2020-10-27 23:18:52,-31.43,152.92,71.01,70,67,1.01
403,Berlevag,NO,2020-10-27 23:18:52,70.86,29.09,33.8,86,0,6.93
404,Kyren,RU,2020-10-27 23:18:53,51.68,102.14,32.85,84,31,2.84
405,Nicholasville,US,2020-10-27 23:14:43,37.88,-84.57,60.8,77,90,4.7
406,Corsicana,US,2020-10-27 23:18:53,32.1,-96.47,44.6,93,90,12.75
407,Zhaotong,CN,2020-10-27 23:18:53,27.32,103.72,47.66,90,100,4.99
408,Hamilton,US,2020-10-27 23:18:53,39.18,-84.53,52.0,87,90,4.07
409,Phetchaburi,TH,2020-10-27 23:18:53,12.97,99.58,72.07,91,100,2.8
410,Ambatondrazaka,MG,2020-10-27 23:18:54,-17.83,48.42,63.1,87,38,2.08
411,Shizunai,JP,2020-10-27 23:18:54,42.33,142.37,51.35,63,100,3.29
412,Cotonou,BJ,2020-10-27 23:18:54,6.37,2.42,80.6,88,40,10.29
413,Chebarkul,RU,2020-10-27 23:18:54,54.97,60.36,25.54,94,48,9.01
414,Yarada,IN,2020-10-27 23:18:55,17.65,83.27,80.8,60,99,7.76
415,Kanniyakumari,IN,2020-10-27 23:18:55,8.08,77.57,80.37,76,79,6.82
416,Provideniya,RU,2020-10-27 23:14:09,64.38,-173.3,32.0,96,90,8.95
417,Cedar Rapids,US,2020-10-27 23:14:32,42.01,-91.64,37.0,50,1,8.05
418,Vieksniai,LT,2020-10-27 23:18:56,56.23,22.52,48.0,90,100,5.99
419,Svetlyy,RU,2020-10-27 23:18:56,54.67,20.13,48.2,93,75,8.95
420,Kirzhach,RU,2020-10-27 23:18:56,56.15,38.87,42.42,89,71,9.57
421,Merauke,ID,2020-10-27 23:18:56,-8.47,140.33,79.57,74,100,12.06
422,Flinders,AU,2020-10-27 23:18:56,-34.58,150.86,64.0,86,81,1.01
423,Nuuk,GL,2020-10-27 23:18:57,64.18,-51.72,24.8,79,0,6.93
424,Temascalcingo,MX,2020-10-27 23:18:57,19.92,-100.0,68.34,38,47,6.55
425,Andijon,UZ,2020-10-27 23:18:10,40.78,72.34,57.0,74,100,4.0
426,Maiduguri,NG,2020-10-27 23:18:57,11.85,13.16,78.75,18,2,7.47
427,Talakan,RU,2020-10-27 23:18:58,50.32,130.37,33.51,91,61,2.66
428,Phuket,TH,2020-10-27 23:15:25,8.0,98.25,84.99,88,40,8.05
429,Samarai,PG,2020-10-27 23:18:58,-10.62,150.67,82.45,81,20,8.77
430,Mahon,ES,2020-10-27 23:18:58,39.89,4.27,55.4,76,10,4.7
431,Shitanjing,CN,2020-10-27 23:18:58,39.23,106.34,38.95,58,100,4.18
432,Rovaniemi,FI,2020-10-27 23:18:58,66.5,25.72,37.4,100,90,8.05
433,Asfi,MA,2020-10-27 23:18:59,32.3,-9.24,62.85,68,0,17.69
434,Shubarkuduk,KZ,2020-10-27 23:18:59,49.14,56.49,30.11,93,0,6.46
435,Gualeguay,AR,2020-10-27 23:18:59,-33.14,-59.31,58.46,70,0,7.09
436,Laguna,US,2020-10-27 23:18:59,38.42,-121.42,75.99,18,1,3.36
437,San Cristobal,VE,2020-10-27 23:18:59,7.77,-72.22,86.0,62,40,10.29
438,Jumla,NP,2020-10-27 23:19:00,29.27,82.18,42.19,51,0,4.92
439,Bam,IR,2020-10-27 23:19:00,29.11,58.36,60.67,27,0,9.1
440,Safaga,EG,2020-10-27 23:19:00,26.73,33.94,77.0,73,0,6.93
441,Mabaruma,GY,2020-10-27 23:19:00,8.2,-59.78,75.54,92,13,2.73
442,Fujin,CN,2020-10-27 23:19:00,47.26,132.03,35.98,82,59,5.88
443,Mehran,IR,2020-10-27 23:19:01,33.12,46.16,53.6,25,0,4.7
444,Sabha,LY,2020-10-27 23:19:01,27.04,14.43,72.32,22,0,9.04
445,Pitkyaranta,RU,2020-10-27 23:19:01,61.57,31.48,49.8,90,100,17.94
446,Caluquembe,AO,2020-10-27 23:19:01,-13.78,14.68,61.75,89,15,7.63
447,Qasigiannguit,GL,2020-10-27 23:18:36,68.82,-51.19,17.6,61,66,2.21
448,Maniitsoq,GL,2020-10-27 23:19:02,65.42,-52.9,20.93,87,8,7.27
449,Chimoio,MZ,2020-10-27 23:19:02,-19.12,33.48,66.2,100,0,4.7
450,Chunhuhub,MX,2020-10-27 23:19:02,19.55,-88.68,78.62,93,99,0.02
451,Dawlatabad,AF,2020-10-27 23:19:02,36.41,64.91,47.01,51,65,5.14
452,Komsomolskiy,UZ,2020-10-27 23:19:02,40.43,71.72,50.0,57,98,4.59
453,Bhunya,SZ,2020-10-27 23:19:02,-26.55,31.02,64.33,71,38,3.56
454,Cognac,FR,2020-10-27 23:19:03,45.5,-0.25,57.2,100,90,9.17
455,Dubbo,AU,2020-10-27 23:19:03,-32.25,148.62,62.6,72,90,11.41
456,Yamoussoukro,CI,2020-10-27 23:19:03,6.82,-5.28,77.0,94,98,2.84
457,Mount Isa,AU,2020-10-27 23:19:03,-20.73,139.5,75.2,13,0,13.87
458,Riyadh,SA,2020-10-27 23:19:03,24.69,46.72,66.2,37,0,3.6
459,Sohag,EG,2020-10-27 23:19:03,26.56,31.69,75.2,53,0,9.17
460,Rawson,AR,2020-10-27 23:19:04,-43.3,-65.1,61.75,30,81,16.89
461,Nioki,CD,2020-10-27 23:19:04,-2.72,17.68,72.61,95,98,3.47
462,Carutapera,BR,2020-10-27 23:16:49,-1.2,-46.02,78.04,82,86,6.58
463,Bud,US,2020-10-27 23:18:17,39.45,-86.18,46.4,93,90,4.16
464,Antalaha,MG,2020-10-27 23:19:04,-14.9,50.28,70.5,85,11,5.28
465,Suntar,RU,2020-10-27 23:19:04,62.14,117.63,16.02,90,100,3.62
466,Derzhavinsk,KZ,2020-10-27 23:19:05,51.1,66.32,27.12,96,100,16.73
467,Zyryanka,RU,2020-10-27 23:18:11,65.75,150.85,9.63,91,31,3.94
468,Grandview,US,2020-10-27 23:19:05,38.89,-94.53,33.01,95,90,5.82
469,Port Lincoln,AU,2020-10-27 23:19:05,-34.73,135.87,60.85,67,0,7.34
470,Bagdarin,RU,2020-10-27 23:19:05,54.43,113.6,14.85,85,53,1.83
471,Nizhniy Baskunchak,RU,2020-10-27 23:19:05,48.22,46.83,38.61,66,99,11.83
472,Madang,PG,2020-10-27 23:18:40,-5.22,145.8,85.66,66,100,1.7
473,San Ramon,US,2020-10-27 23:19:06,37.78,-121.98,78.01,11,1,8.05
474,Aden,YE,2020-10-27 23:14:51,12.78,45.04,81.18,63,0,10.45
475,Santa Helena De Goias,BR,2020-10-27 23:19:06,-17.81,-50.6,78.44,73,25,2.44
476,Saint-Augustin,CA,2020-10-27 23:19:07,51.23,-58.65,31.75,89,83,3.96
477,La Grande,US,2020-10-27 23:16:40,45.32,-118.09,59.0,35,1,1.32
478,Ninghai,CN,2020-10-27 23:19:07,29.29,121.42,63.0,96,21,1.01
479,Chuhar Kana,PK,2020-10-27 23:19:07,31.75,73.8,64.4,68,0,1.99
480,Verkh-Chebula,RU,2020-10-27 23:19:08,56.03,87.62,44.96,71,100,16.17
481,Kaabong,UG,2020-10-27 23:19:08,3.48,34.15,68.07,66,2,13.27
482,Lorengau,PG,2020-10-27 23:16:35,-2.02,147.27,85.23,65,94,2.71
483,The Valley,AI,2020-10-27 23:19:08,18.22,-63.06,81.0,78,75,13.87
484,Changzhou,CN,2020-10-27 23:19:08,31.78,119.97,64.0,82,100,5.77
485,Bol,TD,2020-10-27 23:19:08,13.46,14.71,83.17,38,16,13.4
486,Sibut,CF,2020-10-27 23:19:09,5.72,19.07,71.65,93,84,1.12
487,Torbay,CA,2020-10-27 23:19:09,47.67,-52.73,39.2,100,90,12.75
488,Caravelas,BR,2020-10-27 23:19:09,-17.71,-39.25,77.04,90,79,9.69
489,Camocim,BR,2020-10-27 23:19:09,-2.9,-40.84,78.89,81,81,13.11
490,Scarborough,GB,2020-10-27 23:19:09,54.28,-0.4,46.0,86,36,4.0
491,Salta,AR,2020-10-27 23:15:17,-24.79,-65.41,77.0,38,20,8.05
492,Iberia,US,2020-10-27 23:19:10,29.95,-91.75,80.6,83,90,8.05
493,Meulaboh,ID,2020-10-27 23:16:08,4.14,96.13,75.06,88,61,4.12
494,Alasehir,TR,2020-10-27 23:19:10,38.35,28.52,60.46,70,0,3.04
495,Visnes,NO,2020-10-27 23:19:11,59.36,5.22,50.0,93,33,11.41
496,Leh,IN,2020-10-27 23:19:11,34.17,77.58,28.65,67,0,0.49
497,Port Hardy,CA,2020-10-27 23:19:11,50.7,-127.42,48.2,93,90,5.82
498,Valparaiso,CL,2020-10-27 23:17:12,-33.04,-71.63,60.8,63,0,11.41
499,Nisia Floresta,BR,2020-10-27 23:19:12,-6.09,-35.21,80.6,78,20,10.29
500,Jyvaskyla,FI,2020-10-27 23:19:12,62.24,25.72,46.99,100,75,3.36
501,Kingsport,US,2020-10-27 23:17:39,36.55,-82.56,69.8,60,40,5.82
502,Grand-Lahou,CI,2020-10-27 23:19:12,5.14,-5.02,78.03,89,94,8.39
503,Airai,TL,2020-10-27 23:19:13,-8.93,125.41,67.17,82,21,1.97
504,Whitehorse,CA,2020-10-27 23:18:50,60.72,-135.05,32.0,80,75,2.24
505,Texarkana,US,2020-10-27 23:19:13,33.43,-94.05,53.6,87,90,4.7
506,Sulangan,PH,2020-10-27 23:19:13,11.14,123.72,83.16,71,74,2.68
507,Hambantota,LK,2020-10-27 23:19:13,6.12,81.12,78.13,82,69,6.35
508,Tocache,PE,2020-10-27 23:19:13,-8.18,-76.51,80.62,68,85,0.89
509,Toora-Khem,RU,2020-10-27 23:19:14,52.47,96.11,26.06,93,15,1.92
510,Nicoya,CR,2020-10-27 23:15:02,10.15,-85.45,80.6,88,75,8.05
511,Altamirano,MX,2020-10-27 23:19:14,16.88,-92.15,65.21,94,91,1.74
512,Shalyhyne,UA,2020-10-27 23:19:14,51.57,34.12,46.45,68,30,9.91
513,Gat,IL,2020-10-27 23:16:18,31.61,34.76,75.99,100,59,4.0
514,Turayf,SA,2020-10-27 23:18:50,31.67,38.66,69.8,21,0,16.11
515,Tambacounda,SN,2020-10-27 23:19:15,13.75,-13.76,77.0,78,0,2.24
516,Ihosy,MG,2020-10-27 23:19:15,-22.4,46.12,65.44,81,19,9.44
517,Ibra,OM,2020-10-27 23:19:15,22.69,58.53,62.01,82,3,2.35
518,Ewa Beach,US,2020-10-27 23:19:16,21.32,-158.01,82.4,69,40,3.36
519,Bougouni,ML,2020-10-27 23:19:16,11.42,-7.48,75.09,34,71,1.99
520,Panchagarh,BD,2020-10-27 23:19:16,26.33,88.56,69.39,84,0,3.8
521,Huangchuan,CN,2020-10-27 23:19:16,32.13,115.04,60.87,57,100,9.31
522,Viransehir,TR,2020-10-27 23:19:17,37.24,39.76,64.96,27,5,3.98
523,Ashland,US,2020-10-27 23:18:31,40.82,-82.27,42.8,100,90,6.93
524,Hazorasp,UZ,2020-10-27 23:19:17,41.32,61.07,32.0,83,0,4.7
525,Breves,BR,2020-10-27 23:19:17,-1.68,-50.48,77.31,87,93,3.29
526,Raudeberg,NO,2020-10-27 23:19:17,61.99,5.14,48.0,76,91,9.8
527,Ola,RU,2020-10-27 23:19:18,59.58,151.28,31.55,82,0,6.38
528,Chara,RU,2020-10-27 23:19:18,56.91,118.26,-1.8,84,6,0.83
529,Lasa,IT,2020-10-27 23:18:39,46.62,10.7,42.8,100,0,1.12
530,Port Augusta,AU,2020-10-27 23:15:34,-32.5,137.77,60.8,77,0,5.82
531,Yumen,CN,2020-10-27 23:19:18,40.28,97.2,35.28,78,82,7.61
532,Gao,ML,2020-10-27 23:19:18,16.64,1.64,81.12,15,0,9.01
533,Pak Phanang,TH,2020-10-27 23:19:19,8.35,100.2,77.5,82,100,5.01
534,Montrose,US,2020-10-27 23:19:19,38.42,-108.27,32.0,68,0,1.01
535,Deer Lake,CA,2020-10-27 23:14:24,49.17,-57.43,33.8,92,90,4.7
536,Melilla,ES,2020-10-27 23:19:19,35.29,-2.94,60.8,51,1,2.24
537,Petropavlovsk-Kamchatskiy,RU,2020-10-27 23:14:57,53.05,158.65,37.4,93,40,2.24
538,Fare,PF,2020-10-27 23:19:00,-16.7,-151.02,80.33,81,90,19.73
539,Kaka,TM,2020-10-27 23:19:20,37.35,59.61,47.52,61,0,3.42
540,Spring Valley,US,2020-10-27 23:15:41,36.11,-115.25,69.8,9,20,13.87
541,Shestakovo,RU,2020-10-27 23:19:21,56.49,103.96,31.1,97,99,3.33
542,Urumqi,CN,2020-10-27 23:19:21,43.8,87.6,39.2,44,0,6.71
543,Belaya Gora,RU,2020-10-27 23:19:21,68.53,146.42,7.34,93,98,5.5
544,Kieta,PG,2020-10-27 23:17:31,-6.22,155.63,86.67,62,18,1.39
545,Coahuayana,MX,2020-10-27 23:19:21,18.73,-103.68,82.4,74,75,13.87
546,Pingliang,CN,2020-10-27 23:19:22,35.54,106.69,28.99,83,98,1.99
547,Akhisar,TR,2020-10-27 23:19:22,38.92,27.84,59.95,67,0,1.28
548,Tiksi,RU,2020-10-27 23:19:22,71.69,128.87,-2.24,90,32,12.21
549,Palampur,IN,2020-10-27 23:19:22,32.12,76.53,54.77,37,0,5.32
550,Myitkyina,MM,2020-10-27 23:19:22,25.38,97.4,69.84,85,0,2.48
551,Grindsted,DK,2020-10-27 23:19:23,55.75,8.91,50.0,93,100,11.41
552,Damoh,IN,2020-10-27 23:19:23,23.83,79.45,67.69,50,0,1.07
553,Luau,AO,2020-10-27 23:19:23,-10.71,22.22,67.1,94,100,1.99
554,Almaznyy,RU,2020-10-27 23:19:23,48.04,40.05,48.2,66,20,24.61
555,Waipawa,NZ,2020-10-27 23:16:48,-41.41,175.52,59.0,62,100,9.17
556,Norman,US,2020-10-27 23:18:07,35.22,-97.44,32.0,99,90,4.7
557,Mokhsogollokh,RU,2020-10-27 23:19:24,61.47,128.92,7.63,94,100,3.38
558,Kirakira,SB,2020-10-27 23:19:24,-10.45,161.92,85.66,70,45,7.74
559,Barreirinha,BR,2020-10-27 23:19:24,-2.79,-57.07,84.54,63,77,1.66
